{
  "9": [
    650,
    0.10430038510911425
  ],
  "2": [
    516,
    0.08279845956354301
  ],
  "3": [
    868,
    0.1392811296534018
  ],
  "1": [
    515,
    0.0826379974326059
  ],
  "4": [
    594,
    0.09531450577663671
  ],
  "5": [
    816,
    0.13093709884467267
  ],
  "7": [
    783,
    0.1256418485237484
  ],
  "-": [
    217,
    0.03482028241335045
  ],
  "8": [
    773,
    0.1240372272143774
  ],
  "6": [
    500,
    0.08023106546854943
  ],
  "all": 6232
}