{
  "-": [
    15,
    0.0011895321173671688,
    10,
    0.0013783597518952446,
    5,
    0.0009337068160597573
  ],
  "1": [
    217,
    0.017208564631245045,
    169,
    0.023294279807029635,
    48,
    0.008963585434173669
  ],
  "2": [
    2610,
    0.20697858842188738,
    1350,
    0.18607856650585802,
    1260,
    0.23529411764705882
  ],
  "3": [
    2073,
    0.16439333862014274,
    1112,
    0.15327360441075122,
    961,
    0.17945845004668534
  ],
  "4": [
    1466,
    0.11625693893735131,
    431,
    0.059407305306685046,
    1035,
    0.19327731092436976
  ],
  "5": [
    961,
    0.07620935765265663,
    451,
    0.06216402481047553,
    510,
    0.09523809523809523
  ],
  "6": [
    958,
    0.07597145122918318,
    560,
    0.0771881461061337,
    398,
    0.07432306255835668
  ],
  "7": [
    1279,
    0.1014274385408406,
    1084,
    0.1494141971054445,
    195,
    0.036414565826330535
  ],
  "8": [
    1381,
    0.10951625693893735,
    1209,
    0.1666436940041351,
    172,
    0.032119514472455646
  ],
  "9": [
    1650,
    0.1308485329103886,
    879,
    0.121157822191592,
    771,
    0.14397759103641455
  ],
  "all": 12610
}