{
  "-": [
    186,
    0.03192584963954686,
    115,
    0.03307448950244463,
    71,
    0.03022562792677735
  ],
  "1": [
    41,
    0.007037418468932372,
    35,
    0.01006614897900489,
    6,
    0.002554278416347382
  ],
  "2": [
    932,
    0.15997253690353588,
    557,
    0.16019557089444925,
    375,
    0.15964240102171137
  ],
  "3": [
    850,
    0.14589769996567112,
    474,
    0.1363244176013805,
    376,
    0.1600681140911026
  ],
  "4": [
    540,
    0.09268795056642637,
    204,
    0.058671268334771355,
    336,
    0.14303959131545338
  ],
  "5": [
    729,
    0.12512873326467558,
    330,
    0.09490940465918896,
    399,
    0.1698595146871009
  ],
  "6": [
    445,
    0.07638173704085136,
    239,
    0.06873741731377625,
    206,
    0.08769689229459345
  ],
  "7": [
    762,
    0.13079299691040164,
    581,
    0.16709807305148117,
    181,
    0.07705406555981269
  ],
  "8": [
    738,
    0.1266735324407827,
    598,
    0.1719873454127121,
    140,
    0.05959982971477224
  ],
  "9": [
    603,
    0.1035015447991761,
    344,
    0.09893586425079091,
    259,
    0.11025968497232864
  ],
  "all": 5826
}