{
  "-": [
    4,
    0.0004909782742113662,
    2,
    0.00041605991262741833,
    2,
    0.0005988023952095808
  ],
  "1": [
    125,
    0.015343071069105192,
    108,
    0.02246723528188059,
    17,
    0.005089820359281437
  ],
  "2": [
    1734,
    0.21283908187062722,
    925,
    0.192427709590181,
    809,
    0.24221556886227544
  ],
  "3": [
    1323,
    0.16239106419540936,
    721,
    0.14998959850218432,
    602,
    0.18023952095808382
  ],
  "4": [
    917,
    0.1125567693629557,
    293,
    0.06095277719991679,
    624,
    0.18682634730538922
  ],
  "5": [
    719,
    0.08825334478949307,
    349,
    0.07260245475348451,
    370,
    0.11077844311377245
  ],
  "6": [
    563,
    0.06910519209524979,
    327,
    0.0680257957145829,
    236,
    0.07065868263473053
  ],
  "7": [
    891,
    0.10936541058058181,
    749,
    0.15581443727896818,
    142,
    0.04251497005988024
  ],
  "8": [
    911,
    0.11182030195163864,
    780,
    0.16226336592469315,
    131,
    0.03922155688622755
  ],
  "9": [
    960,
    0.11783478581072787,
    553,
    0.11504056584148117,
    407,
    0.1218562874251497
  ],
  "all": 8147
}