{
  "-": [
    2,
    0.0002516989680342311,
    1,
    0.0002121790791427965,
    1,
    0.0003093102381688834
  ],
  "1": [
    108,
    0.013591744273848478,
    92,
    0.01952047528113728,
    16,
    0.0049489638107021346
  ],
  "2": [
    1625,
    0.20450541152781274,
    914,
    0.193931678336516,
    711,
    0.2199195793380761
  ],
  "3": [
    1178,
    0.1482506921721621,
    656,
    0.13918947591767453,
    522,
    0.16145994432415714
  ],
  "4": [
    855,
    0.10760130883463377,
    283,
    0.060046679397411415,
    572,
    0.1769254562326013
  ],
  "5": [
    772,
    0.0971558016612132,
    358,
    0.07596011033312115,
    414,
    0.12805443860191773
  ],
  "6": [
    634,
    0.07978857286685125,
    352,
    0.07468703585826438,
    282,
    0.08722548716362512
  ],
  "7": [
    881,
    0.11087339541907879,
    718,
    0.1523445788245279,
    163,
    0.050417568821527994
  ],
  "8": [
    971,
    0.12219984898061918,
    826,
    0.17525991937194993,
    145,
    0.04484998453448809
  ],
  "9": [
    920,
    0.11578152529574628,
    513,
    0.10884786760025461,
    407,
    0.12588926693473554
  ],
  "all": 7946
}