{
  "-": [
    9,
    0.0006948197328804139,
    6,
    0.0008097165991902834,
    3,
    0.0005412231643514342
  ],
  "1": [
    253,
    0.019532154713193854,
    189,
    0.025506072874493926,
    64,
    0.011546094172830597
  ],
  "2": [
    2746,
    0.21199722072106847,
    1421,
    0.19176788124156546,
    1325,
    0.23904023092188345
  ],
  "3": [
    2158,
    0.16660233150621478,
    1137,
    0.1534412955465587,
    1021,
    0.18419628360093812
  ],
  "4": [
    1513,
    0.11680691731645179,
    453,
    0.061133603238866394,
    1060,
    0.19123218473750678
  ],
  "5": [
    986,
    0.07612136184667645,
    458,
    0.06180836707152497,
    528,
    0.09525527692585242
  ],
  "6": [
    919,
    0.07094881494634447,
    538,
    0.07260458839406207,
    381,
    0.06873534187263215
  ],
  "7": [
    1299,
    0.1002856481124064,
    1101,
    0.148582995951417,
    198,
    0.03572072884719466
  ],
  "8": [
    1413,
    0.10908669806222497,
    1241,
    0.16747638326585695,
    172,
    0.03103012808948223
  ],
  "9": [
    1657,
    0.1279240330425384,
    866,
    0.11686909581646424,
    791,
    0.14270250766732817
  ],
  "all": 12953
}