{
  "-": [
    5,
    0.000376704588261885,
    4,
    0.0005209690023443605,
    1,
    0.00017873100983020553
  ],
  "1": [
    213,
    0.016047615459956303,
    173,
    0.02253190935139359,
    40,
    0.0071492403932082215
  ],
  "2": [
    2747,
    0.20696150079107964,
    1463,
    0.19054441260744986,
    1284,
    0.22949061662198392
  ],
  "3": [
    2125,
    0.16009945001130113,
    1147,
    0.1493878614222454,
    978,
    0.17479892761394103
  ],
  "4": [
    1496,
    0.112710012807956,
    440,
    0.05730659025787966,
    1056,
    0.18873994638069705
  ],
  "5": [
    1089,
    0.08204625932343856,
    503,
    0.06551185204480334,
    586,
    0.10473637176050045
  ],
  "6": [
    1063,
    0.08008739546447675,
    599,
    0.07801510810106799,
    464,
    0.08293118856121537
  ],
  "7": [
    1393,
    0.10494989828976117,
    1169,
    0.15225319093513937,
    224,
    0.04003574620196604
  ],
  "8": [
    1473,
    0.11097717170195133,
    1277,
    0.16631935399843709,
    196,
    0.03503127792672028
  ],
  "9": [
    1669,
    0.12574399156181723,
    903,
    0.11760875227923938,
    766,
    0.13690795352993745
  ],
  "all": 13273
}