{
  "-": [
    8,
    0.0012519561815336462,
    5,
    0.0012943308309603934,
    3,
    0.001187178472497032
  ],
  "1": [
    75,
    0.011737089201877934,
    59,
    0.015273103805332642,
    16,
    0.006331618519984171
  ],
  "2": [
    1324,
    0.20719874804381846,
    793,
    0.2052808697903184,
    531,
    0.21013058963197467
  ],
  "3": [
    1046,
    0.16369327073552425,
    578,
    0.14962464405902148,
    468,
    0.185199841709537
  ],
  "4": [
    608,
    0.09514866979655712,
    212,
    0.05487962723272068,
    396,
    0.15670755836960823
  ],
  "5": [
    688,
    0.10766823161189358,
    317,
    0.08206057468288895,
    371,
    0.14681440443213298
  ],
  "6": [
    383,
    0.05993740219092332,
    213,
    0.05513849339891276,
    170,
    0.06727344677483181
  ],
  "7": [
    781,
    0.12222222222222222,
    652,
    0.1687807403572353,
    129,
    0.05104867431737238
  ],
  "8": [
    813,
    0.1272300469483568,
    652,
    0.1687807403572353,
    161,
    0.06371191135734072
  ],
  "9": [
    664,
    0.10391236306729265,
    382,
    0.09888687548537406,
    282,
    0.11159477641472101
  ],
  "all": 6390
}