{
  "-": [
    84,
    0.01352657004830918,
    53,
    0.01426264800861141,
    31,
    0.012429831595829992
  ],
  "1": [
    64,
    0.010305958132045089,
    53,
    0.01426264800861141,
    11,
    0.004410585404971933
  ],
  "2": [
    1128,
    0.18164251207729468,
    662,
    0.1781485468245425,
    466,
    0.1868484362469928
  ],
  "3": [
    989,
    0.15925925925925927,
    570,
    0.1533907427341227,
    419,
    0.16800320769847635
  ],
  "4": [
    590,
    0.09500805152979067,
    208,
    0.05597416576964478,
    382,
    0.15316760224538895
  ],
  "5": [
    732,
    0.1178743961352657,
    339,
    0.09122712594187299,
    393,
    0.15757818765036086
  ],
  "6": [
    423,
    0.06811594202898551,
    235,
    0.0632400430570506,
    188,
    0.07538091419406576
  ],
  "7": [
    755,
    0.1215780998389694,
    597,
    0.16065662002152853,
    158,
    0.06335204490777867
  ],
  "8": [
    770,
    0.12399355877616747,
    608,
    0.16361679224973089,
    162,
    0.06495589414595028
  ],
  "9": [
    675,
    0.10869565217391304,
    391,
    0.10522066738428418,
    284,
    0.11387329591018444
  ],
  "all": 6210
}