{
  "-": [
    3,
    0.00039067586925380907,
    1,
    0.0002207505518763797,
    2,
    0.0006351222610352493
  ],
  "1": [
    103,
    0.013413204844380779,
    89,
    0.019646799116997793,
    14,
    0.004445855827246745
  ],
  "2": [
    1584,
    0.2062768589660112,
    869,
    0.19183222958057394,
    715,
    0.22705620832010162
  ],
  "3": [
    1174,
    0.15288449016799063,
    659,
    0.14547461368653422,
    515,
    0.16354398221657668
  ],
  "4": [
    842,
    0.10964969397056909,
    262,
    0.05783664459161148,
    580,
    0.1841854557002223
  ],
  "5": [
    705,
    0.09180882927464513,
    322,
    0.07108167770419425,
    383,
    0.12162591298825023
  ],
  "6": [
    587,
    0.07644224508399532,
    333,
    0.07350993377483443,
    254,
    0.08066052715147666
  ],
  "7": [
    846,
    0.11017059512957417,
    695,
    0.1534216335540839,
    151,
    0.04795173070816132
  ],
  "8": [
    903,
    0.11759343664539654,
    771,
    0.17019867549668874,
    132,
    0.04191806922832645
  ],
  "9": [
    932,
    0.12136997004818335,
    529,
    0.11677704194260485,
    403,
    0.12797713559860274
  ],
  "all": 7679
}