{
  "-": [
    13,
    0.001045016077170418,
    10,
    0.0013908205841446453,
    3,
    0.0005714285714285715
  ],
  "1": [
    224,
    0.0180064308681672,
    174,
    0.02420027816411683,
    50,
    0.009523809523809525
  ],
  "2": [
    2544,
    0.2045016077170418,
    1330,
    0.18497913769123783,
    1214,
    0.23123809523809524
  ],
  "3": [
    2026,
    0.16286173633440515,
    1095,
    0.15229485396383866,
    931,
    0.17733333333333334
  ],
  "4": [
    1455,
    0.11696141479099678,
    429,
    0.05966620305980529,
    1026,
    0.19542857142857142
  ],
  "5": [
    966,
    0.07765273311897106,
    443,
    0.06161335187760779,
    523,
    0.09961904761904762
  ],
  "6": [
    952,
    0.07652733118971061,
    563,
    0.07830319888734354,
    389,
    0.07409523809523809
  ],
  "7": [
    1273,
    0.10233118971061093,
    1073,
    0.14923504867872045,
    200,
    0.0380952380952381
  ],
  "8": [
    1397,
    0.11229903536977492,
    1231,
    0.17121001390820584,
    166,
    0.031619047619047616
  ],
  "9": [
    1590,
    0.12781350482315113,
    842,
    0.11710709318497914,
    748,
    0.14247619047619048
  ],
  "all": 12440
}