{
  "-": [
    116,
    0.01948270070540813,
    74,
    0.02080989876265467,
    42,
    0.01751459549624687
  ],
  "1": [
    55,
    0.009237487403426269,
    46,
    0.012935883014623173,
    9,
    0.0037531276063386154
  ],
  "2": [
    993,
    0.16677863621095063,
    590,
    0.16591676040494938,
    403,
    0.16805671392827357
  ],
  "3": [
    899,
    0.150990930466913,
    513,
    0.14426321709786277,
    386,
    0.1609674728940784
  ],
  "4": [
    576,
    0.09674168626133692,
    215,
    0.06046119235095613,
    361,
    0.1505421184320267
  ],
  "5": [
    736,
    0.12361437688948607,
    333,
    0.093644544431946,
    403,
    0.16805671392827357
  ],
  "6": [
    409,
    0.06869331541820625,
    226,
    0.06355455568053993,
    183,
    0.07631359466221851
  ],
  "7": [
    769,
    0.12915686933154183,
    590,
    0.16591676040494938,
    179,
    0.07464553794829024
  ],
  "8": [
    740,
    0.1242861941551898,
    588,
    0.16535433070866143,
    152,
    0.0633861551292744
  ],
  "9": [
    661,
    0.11101780315754115,
    381,
    0.10714285714285714,
    280,
    0.11676396997497915
  ],
  "all": 5954
}