{
  "-": [
    2,
    0.00024015369836695484,
    1,
    0.00020567667626491157,
    1,
    0.00028851702250432774
  ],
  "1": [
    134,
    0.016090297790585975,
    113,
    0.023241464417935006,
    21,
    0.006058857472590883
  ],
  "2": [
    1763,
    0.2116954851104707,
    931,
    0.19148498560263266,
    832,
    0.2400461627236007
  ],
  "3": [
    1340,
    0.16090297790585975,
    729,
    0.14993829699712052,
    611,
    0.17628390075014425
  ],
  "4": [
    968,
    0.11623439000960614,
    298,
    0.061291649526943645,
    670,
    0.1933064050778996
  ],
  "5": [
    734,
    0.08813640730067243,
    345,
    0.07095845331139448,
    389,
    0.1122331217541835
  ],
  "6": [
    552,
    0.06628242074927954,
    317,
    0.06519950637597696,
    235,
    0.06780150028851702
  ],
  "7": [
    913,
    0.10963016330451489,
    764,
    0.15713698066639242,
    149,
    0.042989036353144834
  ],
  "8": [
    928,
    0.11143131604226705,
    793,
    0.16310160427807488,
    135,
    0.038949798038084245
  ],
  "9": [
    994,
    0.11935638808837656,
    571,
    0.1174413821472645,
    423,
    0.12204270051933064
  ],
  "all": 8328
}