{
  "-": [
    2,
    0.00025516713447307985,
    2,
    0.0004299226139294927,
    0,
    0.0
  ],
  "1": [
    95,
    0.012120438887471293,
    82,
    0.0176268271711092,
    13,
    0.004080351537978657
  ],
  "2": [
    1606,
    0.20489920898188313,
    894,
    0.19217540842648323,
    712,
    0.22347771500313873
  ],
  "3": [
    1151,
    0.14684868588925745,
    637,
    0.13693035253654343,
    514,
    0.1613308223477715
  ],
  "4": [
    813,
    0.10372544016330697,
    273,
    0.05868443680137575,
    540,
    0.1694915254237288
  ],
  "5": [
    769,
    0.09811176320489921,
    358,
    0.07695614789337919,
    411,
    0.12900188323917136
  ],
  "6": [
    663,
    0.08458790507782597,
    368,
    0.07910576096302666,
    295,
    0.09259259259259259
  ],
  "7": [
    862,
    0.10997703495789743,
    699,
    0.1502579535683577,
    163,
    0.05116133082234777
  ],
  "8": [
    986,
    0.12579739729522837,
    838,
    0.18013757523645743,
    148,
    0.04645323289391086
  ],
  "9": [
    891,
    0.11367695840775709,
    501,
    0.10769561478933792,
    390,
    0.1224105461393597
  ],
  "all": 7838
}