{
  "-": [
    57,
    0.00907209931561356,
    37,
    0.009793541556379036,
    20,
    0.007984031936127744
  ],
  "1": [
    65,
    0.01034537641254178,
    53,
    0.014028586553732134,
    12,
    0.004790419161676647
  ],
  "2": [
    1209,
    0.1924240012732771,
    718,
    0.19004764425622023,
    491,
    0.19600798403193612
  ],
  "3": [
    1000,
    0.15915963711602737,
    571,
    0.15113816834303864,
    429,
    0.17125748502994012
  ],
  "4": [
    624,
    0.09931561356040108,
    215,
    0.05690841715193224,
    409,
    0.1632734530938124
  ],
  "5": [
    723,
    0.11507241763488779,
    325,
    0.08602435150873478,
    398,
    0.15888223552894212
  ],
  "6": [
    391,
    0.0622314181123667,
    217,
    0.05743779777660138,
    174,
    0.06946107784431138
  ],
  "7": [
    759,
    0.12080216457106478,
    622,
    0.16463737427210165,
    137,
    0.05469061876247505
  ],
  "8": [
    780,
    0.12414451695050135,
    623,
    0.1649020645844362,
    157,
    0.0626746506986028
  ],
  "9": [
    675,
    0.10743275505331848,
    397,
    0.10508205399682372,
    278,
    0.11097804391217565
  ],
  "all": 6283
}