{
  "-": [
    1,
    0.00015691197238349287,
    1,
    0.00025826446280991736,
    0,
    0.0
  ],
  "1": [
    83,
    0.013023693707829907,
    71,
    0.018336776859504134,
    12,
    0.004798080767692923
  ],
  "2": [
    1338,
    0.20994821904911345,
    799,
    0.20635330578512398,
    539,
    0.21551379448220712
  ],
  "3": [
    1016,
    0.15942256394162874,
    560,
    0.1446280991735537,
    456,
    0.18232706917233107
  ],
  "4": [
    644,
    0.10105131021496941,
    245,
    0.06327479338842976,
    399,
    0.1595361855257897
  ],
  "5": [
    668,
    0.10481719755217322,
    317,
    0.0818698347107438,
    351,
    0.14034386245501798
  ],
  "6": [
    384,
    0.06025419739526126,
    217,
    0.05604338842975207,
    167,
    0.0667732906837265
  ],
  "7": [
    734,
    0.11517338772948375,
    602,
    0.15547520661157024,
    132,
    0.052778888444622155
  ],
  "8": [
    843,
    0.13227679271928447,
    688,
    0.17768595041322313,
    155,
    0.061975209916033586
  ],
  "9": [
    662,
    0.10387572571787228,
    372,
    0.09607438016528926,
    290,
    0.11595361855257896
  ],
  "all": 6373
}