{
  "-": [
    25,
    0.0038898397386027696,
    17,
    0.004313625983252981,
    8,
    0.003218020917135961
  ],
  "1": [
    36,
    0.0056013692235879885,
    31,
    0.00786602385181426,
    5,
    0.002011263073209976
  ],
  "2": [
    1117,
    0.17379803952077175,
    728,
    0.1847246891651865,
    389,
    0.15647626709573612
  ],
  "3": [
    992,
    0.1543488408277579,
    613,
    0.15554427810200458,
    379,
    0.15245374094931616
  ],
  "4": [
    668,
    0.103936517815466,
    235,
    0.05962953565085004,
    433,
    0.1741753821399839
  ],
  "5": [
    909,
    0.1414345728955967,
    421,
    0.1068256787617356,
    488,
    0.19629927594529364
  ],
  "6": [
    512,
    0.07966391784658472,
    274,
    0.06952550114184217,
    238,
    0.09573612228479485
  ],
  "7": [
    805,
    0.12525283958300917,
    638,
    0.16188784572443543,
    167,
    0.06717618664521319
  ],
  "8": [
    825,
    0.12836471137389138,
    666,
    0.16899264146155799,
    159,
    0.06395816572807723
  ],
  "9": [
    538,
    0.0837093511747316,
    318,
    0.08069018015732048,
    220,
    0.08849557522123894
  ],
  "all": 6427
}