{
  "-": [
    15,
    0.0023629489603024575,
    8,
    0.002093692750588851,
    7,
    0.002770083102493075
  ],
  "1": [
    69,
    0.010869565217391304,
    53,
    0.013870714472651138,
    16,
    0.006331618519984171
  ],
  "2": [
    1265,
    0.19927536231884058,
    753,
    0.19706883014917562,
    512,
    0.20261179263949347
  ],
  "3": [
    1082,
    0.1704473850031506,
    591,
    0.15467155194975138,
    491,
    0.19430154333201424
  ],
  "4": [
    590,
    0.09294265910522999,
    195,
    0.05103376079560325,
    395,
    0.15631183221210923
  ],
  "5": [
    699,
    0.11011342155009451,
    332,
    0.08688824914943732,
    367,
    0.14523149980213693
  ],
  "6": [
    378,
    0.05954631379962193,
    207,
    0.05417429992148652,
    171,
    0.06766917293233082
  ],
  "7": [
    785,
    0.12366099558916194,
    646,
    0.16906568961004972,
    139,
    0.05500593589236249
  ],
  "8": [
    793,
    0.12492123503465659,
    634,
    0.16592515048416645,
    159,
    0.0629204590423427
  ],
  "9": [
    672,
    0.10586011342155009,
    402,
    0.10520806071708977,
    270,
    0.10684606252473289
  ],
  "all": 6348
}