{
  "-": [
    217,
    0.03482028241335045,
    139,
    0.03753713205509047,
    78,
    0.03084223013048636
  ],
  "1": [
    31,
    0.004974326059050065,
    25,
    0.006751282743721307,
    6,
    0.002372479240806643
  ],
  "2": [
    1000,
    0.16046213093709885,
    634,
    0.17121253038077236,
    366,
    0.14472123368920523
  ],
  "3": [
    868,
    0.1392811296534018,
    501,
    0.135295706184175,
    367,
    0.14511664689600634
  ],
  "4": [
    594,
    0.09531450577663671,
    221,
    0.05968133945449636,
    373,
    0.14748912613681298
  ],
  "5": [
    816,
    0.13093709884467267,
    363,
    0.09802862543883338,
    453,
    0.17912218268090155
  ],
  "6": [
    500,
    0.08023106546854943,
    271,
    0.07318390494193897,
    229,
    0.09054962435745353
  ],
  "7": [
    783,
    0.1256418485237484,
    590,
    0.15933027275182285,
    193,
    0.07631474891261368
  ],
  "8": [
    773,
    0.1240372272143774,
    612,
    0.1652714015662976,
    161,
    0.06366152629497825
  ],
  "9": [
    650,
    0.10430038510911425,
    347,
    0.09370780448285174,
    303,
    0.11981020166073547
  ],
  "all": 6232
}