{
  "-": [
    168,
    0.028905712319339298,
    106,
    0.030251141552511414,
    62,
    0.026863084922010397
  ],
  "1": [
    36,
    0.006194081211286993,
    33,
    0.009417808219178082,
    3,
    0.0012998266897746968
  ],
  "2": [
    917,
    0.15777701307639366,
    568,
    0.16210045662100456,
    349,
    0.15121317157712305
  ],
  "3": [
    816,
    0.14039917412250516,
    463,
    0.13213470319634704,
    353,
    0.15294627383015597
  ],
  "4": [
    538,
    0.09256710254645562,
    204,
    0.05821917808219178,
    334,
    0.14471403812824957
  ],
  "5": [
    724,
    0.12456985547143841,
    337,
    0.096175799086758,
    387,
    0.16767764298093588
  ],
  "6": [
    468,
    0.0805230557467309,
    254,
    0.07248858447488585,
    214,
    0.0927209705372617
  ],
  "7": [
    782,
    0.13454920853406746,
    592,
    0.1689497716894977,
    190,
    0.08232235701906412
  ],
  "8": [
    773,
    0.1330006882312457,
    614,
    0.1752283105022831,
    159,
    0.06889081455805893
  ],
  "9": [
    590,
    0.10151410874053682,
    333,
    0.09503424657534247,
    257,
    0.11135181975736569
  ],
  "all": 5812
}