{
  "-": [
    7,
    0.0005464907486923258,
    5,
    0.0006789788158609451,
    2,
    0.0003673094582185491
  ],
  "1": [
    214,
    0.016707002888593957,
    172,
    0.023356871265616513,
    42,
    0.007713498622589532
  ],
  "2": [
    2633,
    0.20555859161527051,
    1395,
    0.1894350896252037,
    1238,
    0.22736455463728192
  ],
  "3": [
    2113,
    0.1649621359981263,
    1129,
    0.1533134166214014,
    984,
    0.18071625344352618
  ],
  "4": [
    1477,
    0.11530954797408073,
    423,
    0.05744160782183596,
    1054,
    0.19357208448117538
  ],
  "5": [
    1032,
    0.08056835037864002,
    474,
    0.0643671917436176,
    558,
    0.1024793388429752
  ],
  "6": [
    977,
    0.07627449449605746,
    560,
    0.07604562737642585,
    417,
    0.0765840220385675
  ],
  "7": [
    1284,
    0.10024201733156374,
    1081,
    0.14679521998913633,
    203,
    0.03728191000918274
  ],
  "8": [
    1421,
    0.11093762198454211,
    1237,
    0.16797935904399783,
    184,
    0.03379247015610652
  ],
  "9": [
    1651,
    0.1288937465844328,
    888,
    0.12058663769690385,
    763,
    0.1401285583103765
  ],
  "all": 12809
}