{
  "-": [
    1,
    0.0001284191601386927,
    1,
    0.00021399529210357372,
    0,
    0.0
  ],
  "1": [
    99,
    0.012713496853730577,
    86,
    0.01840359512090734,
    13,
    0.004174694926140013
  ],
  "2": [
    1551,
    0.19917811737511237,
    895,
    0.1915257864326985,
    656,
    0.21066152858060372
  ],
  "3": [
    1162,
    0.1492230640811609,
    635,
    0.13588701048576932,
    527,
    0.16923570969813745
  ],
  "4": [
    811,
    0.10414793887247978,
    281,
    0.060132677081104216,
    530,
    0.170199100834939
  ],
  "5": [
    772,
    0.09913959162707076,
    364,
    0.07789428632570083,
    408,
    0.13102119460500963
  ],
  "6": [
    658,
    0.0844998073712598,
    366,
    0.07832227690990798,
    292,
    0.09377007064868337
  ],
  "7": [
    886,
    0.11377937588288173,
    721,
    0.15429060560667665,
    165,
    0.052986512524084775
  ],
  "8": [
    977,
    0.12546551945550277,
    826,
    0.1767601112775519,
    151,
    0.04849068721901092
  ],
  "9": [
    870,
    0.11172466932066265,
    498,
    0.10656965546757971,
    372,
    0.11946050096339114
  ],
  "all": 7787
}