{
  "-": [
    4,
    0.0005018820577164366,
    3,
    0.0006357279084551812,
    1,
    0.00030759766225776686
  ],
  "1": [
    119,
    0.01493099121706399,
    102,
    0.02161474888747616,
    17,
    0.005229160258382036
  ],
  "2": [
    1678,
    0.21053952321204517,
    900,
    0.19071837253655435,
    778,
    0.2393109812365426
  ],
  "3": [
    1233,
    0.15470514429109158,
    698,
    0.14791269336723883,
    535,
    0.16456474930790527
  ],
  "4": [
    887,
    0.11129234629861982,
    282,
    0.059758423394787034,
    605,
    0.18609658566594894
  ],
  "5": [
    741,
    0.09297365119196989,
    355,
    0.07522780250052977,
    386,
    0.118732697631498
  ],
  "6": [
    587,
    0.07365119196988708,
    336,
    0.0712015257469803,
    251,
    0.07720701322669948
  ],
  "7": [
    884,
    0.1109159347553325,
    733,
    0.1553295189658826,
    151,
    0.046447247000922794
  ],
  "8": [
    927,
    0.11631116687578419,
    785,
    0.16634880271243907,
    142,
    0.04367886804060289
  ],
  "9": [
    910,
    0.11417816813048934,
    525,
    0.11125238397965671,
    385,
    0.11842509996924024
  ],
  "all": 7970
}