{
  "1": [
    275,
    0.02102446483180428,
    204,
    0.02744148506860371,
    71,
    0.012575274530641162
  ],
  "2": [
    2844,
    0.21743119266055047,
    1469,
    0.19760559591068066,
    1375,
    0.24353524619199432
  ],
  "3": [
    2199,
    0.16811926605504587,
    1170,
    0.15738498789346247,
    1029,
    0.1822529224229543
  ],
  "4": [
    1600,
    0.12232415902140673,
    478,
    0.06429916599408125,
    1122,
    0.19872476089266738
  ],
  "5": [
    930,
    0.07110091743119266,
    423,
    0.05690072639225181,
    507,
    0.089798087141339
  ],
  "6": [
    878,
    0.06712538226299694,
    512,
    0.06887274683884853,
    366,
    0.06482465462274177
  ],
  "7": [
    1271,
    0.09717125382262996,
    1092,
    0.14689265536723164,
    179,
    0.031703861140630535
  ],
  "8": [
    1376,
    0.10519877675840979,
    1199,
    0.16128598331988162,
    177,
    0.03134962805526036
  ],
  "9": [
    1707,
    0.1305045871559633,
    887,
    0.1193166532149583,
    820,
    0.14523556500177118
  ],
  "all": 13080
}