{
  "-": [
    1,
    0.00012804097311139564,
    1,
    0.00021602937999567941,
    0,
    0.0
  ],
  "1": [
    99,
    0.01267605633802817,
    87,
    0.018794556059624108,
    12,
    0.003772398616787174
  ],
  "2": [
    1577,
    0.20192061459667093,
    880,
    0.19010585439619787,
    697,
    0.219113486325055
  ],
  "3": [
    1175,
    0.15044814340588988,
    655,
    0.14149924389717,
    520,
    0.1634706067274442
  ],
  "4": [
    807,
    0.10332906530089629,
    278,
    0.060056167638798875,
    529,
    0.16629990569003458
  ],
  "5": [
    755,
    0.09667093469910372,
    346,
    0.07474616547850507,
    409,
    0.12857591952216285
  ],
  "6": [
    643,
    0.0823303457106274,
    354,
    0.07647440051847051,
    289,
    0.0908519333542911
  ],
  "7": [
    872,
    0.111651728553137,
    705,
    0.152300712896954,
    167,
    0.0524992140836215
  ],
  "8": [
    966,
    0.1236875800256082,
    815,
    0.1760639446964787,
    151,
    0.0474693492612386
  ],
  "9": [
    915,
    0.11715749039692702,
    508,
    0.10974292503780514,
    407,
    0.12794718641936498
  ],
  "all": 7810
}