{
  "-": [
    34,
    0.005477686483003061,
    23,
    0.006146445750935329,
    11,
    0.004462474645030426
  ],
  "1": [
    67,
    0.010794264540035443,
    53,
    0.014163548904329236,
    14,
    0.005679513184584178
  ],
  "2": [
    1193,
    0.19220235218301918,
    702,
    0.18760021378941744,
    491,
    0.19918864097363084
  ],
  "3": [
    994,
    0.1601417754148542,
    563,
    0.15045430251202566,
    431,
    0.1748478701825558
  ],
  "4": [
    624,
    0.10053165780570324,
    221,
    0.05905932656333512,
    403,
    0.16348884381338744
  ],
  "5": [
    714,
    0.11503141614306428,
    330,
    0.08818813468733298,
    384,
    0.15578093306288032
  ],
  "6": [
    391,
    0.0629933945545352,
    214,
    0.05718866916087654,
    177,
    0.0718052738336714
  ],
  "7": [
    765,
    0.12324794586756888,
    629,
    0.16809192944949225,
    136,
    0.05517241379310345
  ],
  "8": [
    771,
    0.12421459642339294,
    617,
    0.1648850881881347,
    154,
    0.06247464503042596
  ],
  "9": [
    654,
    0.10536491058482358,
    390,
    0.1042223409941208,
    264,
    0.10709939148073022
  ],
  "all": 6207
}