{
  "-": [
    5,
    0.0006323510813203491,
    1,
    0.00021376656690893543,
    4,
    0.0012387736141220192
  ],
  "1": [
    103,
    0.01302643227519919,
    90,
    0.01923899102180419,
    13,
    0.004026014245896562
  ],
  "2": [
    1608,
    0.20336410775262426,
    891,
    0.19046601111586148,
    717,
    0.22205017033137195
  ],
  "3": [
    1205,
    0.1523966105982041,
    683,
    0.14600256519880292,
    522,
    0.1616599566429235
  ],
  "4": [
    843,
    0.10661439231061084,
    271,
    0.0579307396323215,
    572,
    0.17714462681944876
  ],
  "5": [
    754,
    0.09535854306310863,
    343,
    0.07332193244976486,
    411,
    0.12728398885103748
  ],
  "6": [
    622,
    0.07866447451625143,
    344,
    0.0735356990166738,
    278,
    0.08609476618148033
  ],
  "7": [
    879,
    0.11116732009611736,
    715,
    0.15284309533988885,
    164,
    0.05078971817900279
  ],
  "8": [
    943,
    0.11926141393701783,
    797,
    0.17037195382642153,
    146,
    0.0452152369154537
  ],
  "9": [
    945,
    0.11951435436954597,
    543,
    0.11607524583155195,
    402,
    0.12449674821926293
  ],
  "all": 7907
}